Shipment ID,Ship Date,SCAC,Weight,Cost,Origin Postal Code,Dest Zip,Mode
SH0001,03/12/2024,C1,3564,4052.92,75201,90001,TL
SH0002,03/14/2024,C1,6032,889.07,60601,43215,TL
SH0003,03/04/2024,C1,36513,2228.85,75201,30301,TL
SH0004,03/19/2024,C2,1163,258.23,60601,2101,LTL
SH0005,03/14/2024,C3,913,445.49,75201,10001,
SH0006,03/18/2024,C1,20616,876.21,60601-1234,43215,TL
SH0007,03/03/2024,C2,3228,692.33,60601,30301,LTL
SH0008,03/14/2024,C1,35246,1157.83,60601,55401,TL
SH0009,03/06/2024,C2,7574,1637.28,75201,19102,LTL
SH0010,03/16/2024,C2,8754,1933.07,60601,30301,LTL
SH0011,03/14/2024,C1,40308,2861.59,75201,85001,TL
SH0012,03/14/2024,C1,32444,1271.95,60601,37201,TL
SH0013,03/11/2024,C1,36974,809.89,60601,63101,TL
SH0014,03/19/2024,C1,32950,2782.18,75201,85001,TL
SH0015,03/02/2024,C2,4572,968.97,75201,30301,LTL
SH0016,03/10/2024,C2,7451,1634.34,75201,63101,LTL
SH0017,03/16/2024,C1,30657,1724.51,75201,63101,TL
SH0018,03/24/2024,C2,2269,506.05,60601,98101,LTL
SH0019,03/18/2024,C1,32939,2767.09,60601,02101,TL
SH0020,03/23/2024,C2,4711,1039.30,75201,90001,LTL
SH0021,03/06/2024,C2,6383,1408.79,75201,80202,LTL
SH0022,03/16/2024,C2,347,111.76,60601,98101,LTL
SH0023,03/19/2024,C1,9947,3748.14,60601,33101,TL
SH0024,03/31/2024,C2,8595,1893.85,75201,90001,LTL
SH0025,03/16/2024,C2,6578,1412.92,60601,19102,LTL
SH0026,03/15/2024,C1,14081,4444.74,75201,10001,TL
SH0027,03/18/2024,C1,3845,1915.31,60601,30301,TL
SH0028,03/28/2024,C2,1302,288.64,60601,80202,LTL
SH0029,03/12/2024,C1,41976,1136.94,60601,55401,TL
SH0030,03/15/2024,C1,32386,2348.28,75201,30301,TL
SH0031,03/09/2024,C1,9844,4215.13,75201,19102,TL
SH0032,03/07/2024,C1,1913,2864.49,75201,85001,TL
SH0033,03/21/2024,C2,593,129.56,75201,90001,LTL
SH0034,03/12/2024,C2,8643,1855.06,60601,85001,LTL
SH0035,03/21/2024,C2,8875,1893.17,60601,80202,LTL
SH0036,03/26/2024,C2,3347,726.19,60601,55401,LTL
SH0037,03/24/2024,C2,3864,849.60,60601,02101,LTL
SH0038,03/09/2024,C2,7887,1759.88,60601,10001,LTL
SH0039,03/12/2024,C2,5790,1207.75,60601,85001,LTL
SH0040,03/16/2024,C1,15266,2340.98,75201,30301,TL
SH0041,03/01/2024,C1,41298,3022.99,60601,80202,TL
SH0042,03/03/2024,C1,42548,1749.71,75201,63101,TL
SH0043,03/26/2024,C2,3415,736.23,60601,02101,LTL
SH0044,03/15/2024,C2,6635,1450.92,75201,30301,LTL
SH0045,03/05/2024,C3,2752,452.26,75201,85001,
SH0046,03/22/2024,C2,7921,1744.95,75201,37201,LTL
SH0047,03/24/2024,C2,2296,519.02,75201,90001,LTL
SH0048,03/14/2024,C2,2431,533.24,60601,43215,LTL
SH0049,03/19/2024,C1,14344,5528.98,60601,98101,TL
SH0050,03/02/2024,C2,2297,508.61,75201,33101,LTL
SH0051,03/17/2024,C2,8616,1807.04,75201,19102,LTL
SH0052,03/01/2024,C1,33859,898.29,60601,43215,TL
SH0053,03/05/2024,C1,657,1977.29,75201,37201,TL
SH0054,03/11/2024,C2,1161,250.60,75201,55401,LTL
SH0055,03/25/2024,C2,1080,235.80,75201,37201,LTL
SH0056,03/25/2024,C1,2226,893.65,60601,43215,TL
SH0057,03/09/2024,C1,33531,2101.80,60601,19102,TL
SH0058,03/17/2024,C2,7982,1728.09,75201,43215,LTL
SH0059,03/07/2024,C2,4403,997.11,60601,85001,LTL
SH0060,03/15/2024,C1,26113,3886.54,75201,90001,TL
SH0061,03/26/2024,C2,7167,1606.29,75201,30301,LTL
SH0062,03/22/2024,C1,42569,1290.34,60601,37201,TL
SH0063,03/31/2024,C1,9395,4019.36,75201,90001,TL
SH0064,03/22/2024,C2,2817,613.20,60601,02101,LTL
SH0065,03/12/2024,C2,8597,1844.42,60601,90001,LTL
SH0066,03/11/2024,C2,469,113.43,75201,30301,LTL
SH0067,03/17/2024,C2,6447,1388.09,75201,19102,LTL
SH0068,03/29/2024,C3,3894,460.97,60601,30301,
SH0069,03/25/2024,C1,2994,1896.20,60601,30301,TL
SH0070,03/13/2024,C2,4387,950.92,60601,02101,LTL
SH0071,03/02/2024,C3,8253,448.81,60601,43215,
SH0072,03/31/2024,C2,4556,986.38,60601,02101,LTL
SH0073,03/03/2024,C1,17475,869.29,60601,63101,TL
SH0074,03/18/2024,C1,22626,2351.29,75201,30301,TL
SH0075,03/04/2024,C2,857,184.36,75201,33101,LTL
SH0076,03/30/2024,C1,13623,3802.57,60601,33101,TL
SH0077,03/06/2024,C1,13891,1743.90,75201,63101,TL
SH0078,03/02/2024,C2,4253,949.61,75201,80202,LTL
SH0079,03/15/2024,C2,3254,699.72,60601,10001,LTL
SH0080,03/22/2024,C2,7230,1576.19,60601,63101,LTL
SH0081,03/07/2024,C2,6590,1462.85,75201,43215,LTL
SH0082,03/05/2024,C1,42079,2933.19,60601,80202,TL
SH0083,03/29/2024,C3,2276,462.56,75201,80202,
SH0084,03/22/2024,C1,5936,4970.02,75201,02101,TL
SH0085,03/02/2024,C2,4769,1015.05,75201,43215,LTL
SH0086,03/01/2024,C1,29617,3893.84,75201,90001,TL
SH0087,03/10/2024,C3,5450,450.82,75201,80202,
SH0088,03/13/2024,C1,22376,3095.28,60601,80202,TL
SH0089,03/01/2024,C1,43392,2139.33,60601,19102,TL
SH0090,03/13/2024,C2,2507,559.64,60601,33101,LTL
SH0091,03/31/2024,C1,20338,2699.57,60601,02101,TL
SH0092,03/25/2024,C2,6531,1417.00,60601,63101,LTL
SH0093,03/05/2024,C3,2598,447.34,75201,85001,
SH0094,03/24/2024,C2,7182,1610.37,60601,85001,LTL
SH0095,03/29/2024,C2,413,113.47,60601,43215,LTL
SH0096,03/21/2024,C1,9122,1832.38,60601,30301,TL
SH0097,03/21/2024,C1,29982,2245.18,75201,30301,TL
SH0098,03/26/2024,C1,30346,2102.60,60601,19102,TL
SH0099,03/24/2024,C3,8918,459.21,60601,85001,
SH0100,03/08/2024,C2,4500,995.46,75201,33101,LTL
SH0101,03/16/2024,C2,7692,1646.21,60601,98101,LTL
SH0102,03/21/2024,C1,41870,1975.10,75201,37201,TL
SH0103,03/10/2024,C2,5585,1218.21,60601,30301,LTL
SH0104,03/09/2024,C1,32237,2350.66,60601,10001,TL
SH0105,03/15/2024,C1,32487,4614.37,60601,85001,TL
SH0106,03/10/2024,C2,3414,762.66,75201,19102,LTL
SH0107,03/15/2024,C1,30479,2168.85,60601,19102,TL
SH0108,03/03/2024,C1,14209,5012.06,75201,02101,TL
SH0109,03/27/2024,C2,4439,978.92,60601,90001,LTL
SH0110,03/16/2024,C2,3940,857.42,75201,30301,LTL
SH0111,03/13/2024,C1,635,5100.24,75201,02101,TL
SH0112,03/13/2024,C1,22941,2806.89,75201,85001,TL
SH0113,03/13/2024,C2,178,111.18,75201,30301,LTL
SH0114,03/09/2024,C2,4898,1086.57,60601,98101,LTL
SH0115,03/25/2024,C1,39012,2398.87,75201,30301,TL
SH0116,03/27/2024,C1,3782,4484.63,75201,10001,TL
SH0117,03/11/2024,C3,4234,459.48,75201,63101,
SH0118,03/29/2024,C1,28432,1268.60,60601,37201,TL
SH0119,03/18/2024,C2,6704,1523.02,60601,37201,LTL
SH0120,03/15/2024,C1,27327,4528.56,60601,85001,TL
SH0121,03/05/2024,C2,8105,1846.43,60601,63101,LTL
SH0122,03/10/2024,C1,18864,2153.49,60601,19102,TL
SH0123,03/16/2024,C2,4412,951.31,75201,85001,LTL
SH0124,03/03/2024,C1,10994,2324.60,75201,30301,TL
SH0125,03/11/2024,C3,8294,440.61,60601,43215,
SH0126,03/08/2024,C1,13009,4923.68,75201,02101,TL
SH0127,03/26/2024,C1,6369,5545.00,60601,90001,TL
SH0128,03/13/2024,C2,6913,1535.34,60601,10001,LTL
SH0129,03/16/2024,C2,6324,1374.68,75201,85001,LTL
SH0130,03/22/2024,C3,2212,464.91,75201,55401,
SH0131,03/14/2024,C1,16682,1836.01,60601,30301,TL
SH0132,03/23/2024,C1,28265,4476.15,75201,10001,TL
SH0133,03/27/2024,C1,5193,2667.51,75201,55401,TL
SH0134,03/08/2024,C1,7546,4273.89,75201,19102,TL
SH0135,03/21/2024,C2,1934,434.80,60601,90001,LTL
SH0136,03/01/2024,C2,797,171.98,75201,30301,LTL
SH0137,03/05/2024,C2,765,165.26,60601,98101,LTL
SH0138,03/04/2024,C2,1987,427.91,75201,43215,LTL
SH0139,03/20/2024,C2,3290,710.41,60601,33101,LTL
SH0140,03/09/2024,C2,7697,1695.72,60601,10001,LTL
SH0141,03/08/2024,C2,4120,886.40,75201,63101,LTL
SH0142,03/02/2024,C2,5186,1134.66,60601,02101,LTL
SH0143,03/22/2024,C1,42812,5475.91,60601,98101,TL
SH0144,03/23/2024,C1,2634,2138.23,75201,80202,TL
SH0145,03/24/2024,C1,26375,2865.84,75201,85001,TL
SH0146,03/10/2024,C1,13534,5738.77,60601,98101,TL
SH0147,03/31/2024,C1,17768,5557.05,60601,98101,TL
SH0148,03/16/2024,C1,15035,2719.60,75201,55401,TL
SH0149,03/07/2024,C1,39380,1775.42,75201,63101,TL
SH0150,03/23/2024,C1,3797,1155.33,60601,55401,TL
SH0151,03/30/2024,C1,20991,5548.22,60601,90001,TL
SH0152,03/30/2024,C1,43160,2739.82,60601,80202,TL
SH0153,03/15/2024,C1,25213,4527.41,75201,10001,TL
SH0154,03/03/2024,C1,18737,1784.33,60601,30301,TL
SH0155,03/13/2024,C3,2176,435.93,75201,02101,
SH0156,03/03/2024,C2,7235,1559.44,75201,37201,LTL
SH0157,03/11/2024,C1,24826,4545.24,60601,85001,TL
SH0158,03/21/2024,C2,646,140.23,75201,85001,LTL
SH0159,03/03/2024,C2,6781,1487.92,75201,98101,LTL
SH0160,03/29/2024,C1,4519,3817.17,60601,33101,TL
SH0161,03/23/2024,C1,40834,2190.16,75201,80202,TL
SH0162,03/30/2024,C1,39431,3585.39,75201,33101,TL
SH0163,03/31/2024,C2,1907,395.68,60601,10001,LTL
SH0164,03/27/2024,C1,28576,1988.99,75201,37201,TL
SH0165,03/10/2024,C3,3147,470.78,75201,90001,
SH0166,03/15/2024,C1,21341,1140.12,60601,55401,TL
SH0167,03/06/2024,C2,1444,308.96,75201,37201,LTL
SH0168,03/16/2024,C1,2619,2711.18,60601,02101,TL
SH0169,03/03/2024,C3,1873,457.04,75201,90001,
SH0170,03/06/2024,C1,29692,1874.22,60601,30301,TL
SH0171,03/18/2024,C1,41052,5653.64,60601,90001,TL
SH0172,03/09/2024,C2,4963,1073.41,60601,37201,LTL
SH0173,03/08/2024,C1,17461,2132.51,75201,80202,TL
SH0174,03/07/2024,C1,38298,5670.23,60601,90001,TL
SH0175,03/26/2024,C1,16518,2272.26,75201,30301,TL
SH0176,03/04/2024,C1,2826,840.10,60601,63101,TL
SH0177,03/02/2024,C2,3936,879.76,60601,19102,LTL
SH0178,03/20/2024,C1,12823,5177.51,75201,98101,TL
SH0179,03/25/2024,C1,12049,1848.83,60601,30301,TL
SH0180,03/07/2024,C2,5879,1289.65,60601,30301,LTL
SH0181,03/20/2024,C1,3294,2955.42,60601,80202,TL
SH0182,03/22/2024,C2,6850,1517.35,60601,10001,LTL
SH0183,03/18/2024,C2,1426,314.50,75201,90001,LTL
SH0184,03/22/2024,C1,26306,2384.31,75201,30301,TL
SH0185,03/10/2024,C2,2831,610.14,60601,63101,LTL
SH0186,03/24/2024,C3,5267,454.29,75201,02101,
SH0187,03/13/2024,C1,24240,4896.84,75201,02101,TL
SH0188,03/14/2024,C1,10660,2239.93,60601,10001,TL
SH0189,03/01/2024,C1,24302,1854.79,60601,30301,TL
SH0190,03/03/2024,C1,26399,882.03,60601,43215,TL
SH0191,03/06/2024,C2,2540,550.68,75201,85001,LTL
SH0192,03/10/2024,C1,13332,1894.68,60601,30301,TL
SH0193,03/21/2024,C3,8059,445.14,60601,10001,
SH0194,03/21/2024,C3,2775,461.31,75201,30301,
SH0195,03/07/2024,C1,13252,1144.14,60601,55401,TL
SH0196,03/13/2024,C3,2713,444.97,60601,02101,
SH0197,03/25/2024,C1,13021,2362.99,75201,30301,TL
SH0198,03/13/2024,C2,2078,456.61,60601,63101,LTL
SH0199,03/08/2024,C2,5167,1116.48,75201,43215,LTL
SH0200,03/17/2024,C2,7470,1608.15,75201,02101,LTL
SH_BAD1,03/05/2024,C1,abc,100.00,60601,10001,TL
SH_BAD2,03/05/2024,C9,1000,100.00,60601,10001,TL
